id,name,handle,platform,date,time,post_text,misinfo_type,reach,img,user_link,post_link
23,Timothy Parsons,@theBozo,Twitter,2020-01-02,08:04,Disaster alternative earth supply.,Not humans,59,img_494.jpg,https://www.example.com/,https://www.example.com/
49,Timothy Parsons,@notAHandle,YouTube,2020-01-03,04:54,Contamination wildlife acidification technology biomass corridors.,Solutions won't work,243,img_484.jpg,https://www.example.com/,https://www.example.com/
498,Amber Wilson,@dumbHandle,Other,2020-01-12,08:42,Agroforestry ecosystems food consumerism endangered carbon.,Solutions won't work,120,img_477.jpg,https://www.example.com/,https://www.example.com/
29,Joseph Miller,@john214394343,TikTok,2020-01-19,06:38,Regulations cities biomass analysis.,Not humans,144,img_296.jpg,https://www.example.com/,https://www.example.com/
19,Robert Reyes,@notAHandle,Twitter,2020-01-20,02:02,Carbon smart electric wetlands innovation coastal.,Not humans,319,img_476.jpg,https://www.example.com/,https://www.example.com/
35,Christopher Barrett,@notAHandle,Other,2020-01-25,17:46,Energy land drought fuel chain solar.,Not bad,451,img_98.jpg,https://www.example.com/,https://www.example.com/
43,Joseph Miller,@notAHandle,TikTok,2020-01-25,23:13,Floods sea chain regulations biodegradable nuclear energy science.,Solutions won't work,17,img_471.jpg,https://www.example.com/,https://www.example.com/
7,Joseph Miller,@justSomeSillyLittleGuy,TikTok,2020-01-26,06:23,Offsets fuels melting action natural mitigation earthquake erosion.,Not humans,500,img_214.jpg,https://www.example.com/,https://www.example.com/
6,Jeanette Jackson,@anotherFake_handle,TikTok,2020-01-30,17:46,Renewables storm weatherproofing arctic herbicides public.,Scientists are unreliable,45,img_207.jpg,https://www.example.com/,https://www.example.com/
14,Timothy Parsons,@thisIsATest,TikTok,2020-02-16,15:20,Policy ecosystems warming environmental adaptation.,Not humans,492,img_179.jpg,https://www.example.com/,https://www.example.com/
50,Sophia Bush,@notAHandle,Twitter,2020-02-22,05:43,Herbicides bamboo habitat earth solar marine wildlife grid.,Scientists are unreliable,500,img_473.jpg,https://www.example.com/,https://www.example.com/
1,Joseph Miller,@notAHandle,YouTube,2020-02-26,19:35,Greenwashing desertification production warming action offsets offsets.,Solutions won't work,177,img_34.jpg,https://www.example.com/,https://www.example.com/
31,Amber Wilson,@theBozo,Twitter,2020-02-27,00:37,Mitigation hurricane green.,Not happening,455,img_330.jpg,https://www.example.com/,https://www.example.com/
26,Kevin Alexander,@THE_CLIMATE_NEWS,Twitter,2020-03-07,09:59,Geothermal wetlands water cycle chain.,Scientists are unreliable,500,img_79.jpg,https://www.example.com/,https://www.example.com/
44,Sophia Bush,@anotherFake_handle,Other,2020-03-08,18:20,Research heat consumerism energy climate degradation.,Not humans,146,img_26.jpg,https://www.example.com/,https://www.example.com/
52,Michelle Rivers,@thisIsATest,TikTok,2020-03-10,01:10,Technology earth panels.,Not happening,500,img_7.jpg,https://www.example.com/,https://www.example.com/
5,Kevin Alexander,@justSomeSillyLittleGuy,Other,2020-03-11,12:24,Biodiversity bamboo fuel climate bicycles desertification human.,Not bad,90,img_422.jpg,https://www.example.com/,https://www.example.com/
58,Jonathon Keller,@theBozo,Other,2020-03-12,08:01,Smog supply forest parks.,Not happening,500,img_142.jpg,https://www.example.com/,https://www.example.com/
21,Amber Wilson,@justSomeSillyLittleGuy,Twitter,2020-03-18,08:31,Peatlands conservation weather sustainability.,Solutions won't work,304,img_430.jpg,https://www.example.com/,https://www.example.com/
46,Jonathon Keller,@exampleName,YouTube,2020-03-22,03:15,Misinformation environmental erosion earthquake plastic air innovation organic.,Solutions won't work,500,img_402.jpg,https://www.example.com/,https://www.example.com/
40,Christopher Barrett,@THE_CLIMATE_NEWS,YouTube,2020-03-27,10:20,Smart innovation energy air.,Scientists are unreliable,140,img_354.jpg,https://www.example.com/,https://www.example.com/
4,Sophia Bush,@theBozo,Twitter,2020-04-02,02:19,Coastal industrial panels offsets.,Not happening,281,img_16.jpg,https://www.example.com/,https://www.example.com/
28,Robert Reyes,@justSomeSillyLittleGuy,Other,2020-04-02,12:44,Trading action technology farming land.,Not bad,385,img_188.jpg,https://www.example.com/,https://www.example.com/
48,Amber Wilson,@dumbHandle,Twitter,2020-04-03,18:28,Desertification projections supply floods models.,Scientists are unreliable,500,img_213.jpg,https://www.example.com/,https://www.example.com/
27,Jonathon Keller,@notAHandle,TikTok,2020-04-23,16:33,Living production temperature eco-friendly resilience.,Not happening,500,img_499.jpg,https://www.example.com/,https://www.example.com/
41,Jeanette Jackson,@theBozo,Other,2020-04-26,12:26,Quality waste management footprint pesticide national wind.,Solutions won't work,500,img_119.jpg,https://www.example.com/,https://www.example.com/
54,Michelle Rivers,@notAHandle,YouTube,2020-04-30,01:15,Biodegradable forest degradation renewables.,Scientists are unreliable,500,img_15.jpg,https://www.example.com/,https://www.example.com/
10,Sophia Bush,@thisIsATest,YouTube,2020-05-03,10:01,Carbon rainforest weatherproofing farming ecosystem melting agriculture.,Solutions won't work,25,img_209.jpg,https://www.example.com/,https://www.example.com/
11,Timothy Parsons,@THE_CLIMATE_NEWS,Other,2020-05-04,12:09,Monoculture solar consumerism wetlands earth human biomass plastic.,Solutions won't work,500,img_352.jpg,https://www.example.com/,https://www.example.com/
59,Robert Reyes,@justSomeSillyLittleGuy,Twitter,2020-05-07,01:47,Green bicycles data sea sea.,Not bad,370,img_397.jpg,https://www.example.com/,https://www.example.com/
16,Jonathon Keller,@notAHandle,YouTube,2020-05-13,11:41,Warming geothermal corridors biodiversity.,Scientists are unreliable,500,img_40.jpg,https://www.example.com/,https://www.example.com/
13,Joseph Miller,@notAHandle,YouTube,2020-05-27,02:24,Biodiversity change ecosystem emissions.,Not humans,482,img_133.jpg,https://www.example.com/,https://www.example.com/
42,Jonathon Keller,@exampleName,YouTube,2020-05-27,12:11,Ecosystem water climate human natural herbicides hydropower.,Not happening,144,img_369.jpg,https://www.example.com/,https://www.example.com/
25,Jonathon Keller,@anotherFake_handle,YouTube,2020-06-03,12:13,Floods ecosystem innovation ozone bycatch fuel heat antarctic.,Not happening,64,img_100.jpg,https://www.example.com/,https://www.example.com/
30,Michelle Rivers,@anotherFake_handle,TikTok,2020-06-04,06:45,Consumerism bycatch biodegradable efficiency advocacy smog.,Scientists are unreliable,107,img_62.jpg,https://www.example.com/,https://www.example.com/
0,Jonathon Keller,@notAHandle,Twitter,2020-06-04,11:47,Fires reserve savings antarctic scientific bicycles carbon.,Not bad,379,img_339.jpg,https://www.example.com/,https://www.example.com/
3,Jonathon Keller,@justSomeSillyLittleGuy,YouTube,2020-06-23,18:54,Storm peatlands renewable climate wildlife.,Not bad,500,img_164.jpg,https://www.example.com/,https://www.example.com/
55,Jeanette Jackson,@john214394343,TikTok,2020-06-28,10:55,Smog greenwashing toxins impact data warming public.,Scientists are unreliable,500,img_9.jpg,https://www.example.com/,https://www.example.com/
61,Sophia Bush,@exampleName,TikTok,2020-07-08,01:26,Wildlife floods resources greenwashing adaptation.,Not humans,500,img_293.jpg,https://www.example.com/,https://www.example.com/
38,Kevin Alexander,@theBozo,Other,2020-07-21,13:50,Environmental ecotourism cycle.,Not bad,500,img_310.jpg,https://www.example.com/,https://www.example.com/
9,Amber Wilson,@john214394343,Twitter,2020-07-29,09:43,Electricity scientific sustainability monoculture sustainability farming.,Scientists are unreliable,23,img_123.jpg,https://www.example.com/,https://www.example.com/
8,Michelle Rivers,@dumbHandle,Twitter,2020-08-11,22:23,Geothermal warming biodiversity air wildlife temperature.,Solutions won't work,359,img_160.jpg,https://www.example.com/,https://www.example.com/
33,Robert Reyes,@theBozo,Twitter,2020-08-11,23:29,Fishing wildlife preservation green sustainable sprawl smog.,Not humans,80,img_427.jpg,https://www.example.com/,https://www.example.com/
2,Sophia Bush,@exampleName,Other,2020-08-16,23:00,Parks forest wave soil hydropower.,Not happening,271,img_438.jpg,https://www.example.com/,https://www.example.com/
34,Joseph Miller,@exampleName,TikTok,2020-08-18,23:32,Action energy drought transportation energy greenhouse depletion.,Not humans,244,img_343.jpg,https://www.example.com/,https://www.example.com/
36,Kevin Alexander,@notAHandle,Other,2020-08-18,23:33,Human heat wetlands storm reforestation monoculture.,Solutions won't work,500,img_6.jpg,https://www.example.com/,https://www.example.com/
24,Kevin Alexander,@john214394343,YouTube,2020-08-24,05:27,Biodegradable hoax compost conservation biodiversity.,Scientists are unreliable,152,img_394.jpg,https://www.example.com/,https://www.example.com/
22,Christopher Barrett,@anotherFake_handle,TikTok,2020-08-27,20:41,Industrial industrial fossil.,Solutions won't work,500,img_72.jpg,https://www.example.com/,https://www.example.com/
60,Amber Wilson,@justSomeSillyLittleGuy,TikTok,2020-09-01,06:31,Carbon fertilizer wildlife emissions resilience innovation electricity warming.,Not humans,500,img_211.jpg,https://www.example.com/,https://www.example.com/
39,Michelle Rivers,@climateFool,TikTok,2020-09-04,10:00,Fossil scientists food air adaptation research fuel impact.,Not happening,152,img_357.jpg,https://www.example.com/,https://www.example.com/
53,Kevin Alexander,@thisIsATest,YouTube,2020-09-11,18:57,Cycle geothermal weather earthquake sea pesticide.,Scientists are unreliable,227,img_430.jpg,https://www.example.com/,https://www.example.com/
17,Jonathon Keller,@justSomeSillyLittleGuy,YouTube,2020-09-16,11:23,Hydropower divestment water habitat food science alternative.,Solutions won't work,214,img_399.jpg,https://www.example.com/,https://www.example.com/
20,Amber Wilson,@anotherFake_handle,Other,2020-09-18,00:51,Overfishing landfill hoax markets wildlife.,Not bad,235,img_382.jpg,https://www.example.com/,https://www.example.com/
57,Jeanette Jackson,@john214394343,Twitter,2020-10-17,03:03,Warming transportation gases grid extinction degradation justice.,Not bad,273,img_178.jpg,https://www.example.com/,https://www.example.com/
51,Michelle Rivers,@exampleName,TikTok,2020-10-28,16:24,Trading models science extinction CO2.,Scientists are unreliable,500,img_65.jpg,https://www.example.com/,https://www.example.com/
18,Michelle Rivers,@climateFool,Other,2020-11-09,16:02,Chain preservation grid chain panels biodiversity.,Scientists are unreliable,263,img_165.jpg,https://www.example.com/,https://www.example.com/
32,Robert Reyes,@theBozo,Other,2020-11-09,22:29,Erosion technology adaptation carbon-neutral water ecotourism.,Scientists are unreliable,366,img_260.jpg,https://www.example.com/,https://www.example.com/
56,Sophia Bush,@dumbHandle,TikTok,2020-11-25,00:25,Efficiency monoculture emissions global biodegradable biomass chain.,Solutions won't work,357,img_279.jpg,https://www.example.com/,https://www.example.com/
15,Michelle Rivers,@theBozo,TikTok,2020-11-28,00:47,Degradation depletion production overfishing ozone.,Solutions won't work,500,img_214.jpg,https://www.example.com/,https://www.example.com/
45,Kevin Alexander,@thisIsATest,TikTok,2020-12-02,15:10,Monoculture contamination justice disaster transit waste.,Scientists are unreliable,25,img_404.jpg,https://www.example.com/,https://www.example.com/
37,Kevin Alexander,@exampleName,Other,2020-12-14,08:38,Sea soil organic emissions acidification action analysis.,Not happening,500,img_287.jpg,https://www.example.com/,https://www.example.com/
47,Robert Reyes,@justSomeSillyLittleGuy,Twitter,2020-12-18,07:00,Fuels corridors earth mitigation greenhouse levels.,Scientists are unreliable,500,img_458.jpg,https://www.example.com/,https://www.example.com/
12,Sophia Bush,@dumbHandle,Other,2020-12-29,13:20,Ocean impact biomass agroforestry smog.,Not happening,98,img_157.jpg,https://www.example.com/,https://www.example.com/
122,Kevin Alexander,@notAHandle,Twitter,2021-01-02,12:40,Warming reserve innovation sea waste.,Not bad,500,img_478.jpg,https://www.example.com/,https://www.example.com/
64,Jeanette Jackson,@theBozo,Other,2021-01-03,06:07,Plastic plastic fuel pesticide.,Not happening,101,img_31.jpg,https://www.example.com/,https://www.example.com/
80,Michelle Rivers,@john214394343,Other,2021-01-04,00:13,Smog species efficiency parks protection projections.,Not bad,500,img_420.jpg,https://www.example.com/,https://www.example.com/
109,Jeanette Jackson,@anotherFake_handle,TikTok,2021-01-05,09:10,Panels reserve resilience biomass toxins.,Scientists are unreliable,170,img_282.jpg,https://www.example.com/,https://www.example.com/
111,Christopher Barrett,@exampleName,YouTube,2021-01-06,07:00,Consumerism marine resilience.,Solutions won't work,25,img_481.jpg,https://www.example.com/,https://www.example.com/
105,Sophia Bush,@climateFool,Twitter,2021-01-07,02:54,Fuel change conservation degradation scientists national fishing.,Not happening,38,img_194.jpg,https://www.example.com/,https://www.example.com/
74,Jeanette Jackson,@justSomeSillyLittleGuy,TikTok,2021-01-08,06:33,Wind degradation energy conservation desertification equity offsets pesticides.,Not happening,500,img_398.jpg,https://www.example.com/,https://www.example.com/
116,Christopher Barrett,@john214394343,YouTube,2021-01-13,06:22,Storm electric projections wildlife.,Not happening,316,img_212.jpg,https://www.example.com/,https://www.example.com/
77,Sophia Bush,@THE_CLIMATE_NEWS,Twitter,2021-01-13,07:30,Waste production pesticides storm trees panels markets degradation.,Solutions won't work,365,img_59.jpg,https://www.example.com/,https://www.example.com/
89,Kevin Alexander,@justSomeSillyLittleGuy,TikTok,2021-01-16,01:11,Development levels misinformation marine urbanization climate energy energy.,Not happening,462,img_160.jpg,https://www.example.com/,https://www.example.com/
88,Christopher Barrett,@climateFool,YouTube,2021-01-16,03:52,Arctic justice degradation hydropower land chain sustainable conservation.,Solutions won't work,500,img_345.jpg,https://www.example.com/,https://www.example.com/
76,Jeanette Jackson,@thisIsATest,YouTube,2021-01-18,13:02,Climate warming temperature clean advocacy plastic.,Scientists are unreliable,500,img_188.jpg,https://www.example.com/,https://www.example.com/
96,Amber Wilson,@thisIsATest,TikTok,2021-01-18,15:03,Conservation degradation equity wildlife.,Not happening,106,img_61.jpg,https://www.example.com/,https://www.example.com/
65,Amber Wilson,@anotherFake_handle,Twitter,2021-01-18,17:49,Monoculture solar wetlands conservation global ocean.,Not humans,500,img_126.jpg,https://www.example.com/,https://www.example.com/
100,Jeanette Jackson,@climateFool,Other,2021-01-27,12:07,Methane solar scientists air.,Scientists are unreliable,336,img_157.jpg,https://www.example.com/,https://www.example.com/
90,Amber Wilson,@thisIsATest,Twitter,2021-01-28,11:40,Climate peatlands management warming solar pollution.,Scientists are unreliable,500,img_378.jpg,https://www.example.com/,https://www.example.com/
99,Robert Reyes,@theBozo,YouTube,2021-01-30,07:32,Wildlife adaptation panels degradation ozone scientists grid.,Not bad,500,img_142.jpg,https://www.example.com/,https://www.example.com/
84,Christopher Barrett,@anotherFake_handle,Twitter,2021-02-03,11:50,Climate mitigation change biodegradable equity biodegradable warming floods.,Not happening,500,img_239.jpg,https://www.example.com/,https://www.example.com/
92,Robert Reyes,@climateFool,Other,2021-02-05,05:00,Sea warming pollutants conscious renewable extinction.,Not happening,500,img_282.jpg,https://www.example.com/,https://www.example.com/
98,Robert Reyes,@THE_CLIMATE_NEWS,YouTube,2021-02-08,18:47,Smart geothermal agroforestry preservation.,Not humans,500,img_84.jpg,https://www.example.com/,https://www.example.com/
93,Jeanette Jackson,@theBozo,YouTube,2021-02-10,23:24,Impact weatherproofing pollutants advocacy markets earth justice.,Scientists are unreliable,122,img_192.jpg,https://www.example.com/,https://www.example.com/
78,Amber Wilson,@anotherFake_handle,YouTube,2021-02-12,05:58,Endangered climate consumerism plastic research.,Not happening,440,img_428.jpg,https://www.example.com/,https://www.example.com/
97,Timothy Parsons,@THE_CLIMATE_NEWS,TikTok,2021-02-24,18:23,Recycle wildlife waste soil climate biomass.,Not happening,203,img_63.jpg,https://www.example.com/,https://www.example.com/
95,Jonathon Keller,@thisIsATest,TikTok,2021-02-27,15:50,Fuels gases levels natural depletion acidification fires grid.,Not humans,500,img_219.jpg,https://www.example.com/,https://www.example.com/
112,Michelle Rivers,@dumbHandle,Other,2021-02-27,20:42,Justice renewables desertification policy ice.,Not bad,235,img_152.jpg,https://www.example.com/,https://www.example.com/
66,Amber Wilson,@dumbHandle,YouTube,2021-03-02,23:28,Landfill resources development fuel geothermal scientists law.,Solutions won't work,260,img_413.jpg,https://www.example.com/,https://www.example.com/
108,Kevin Alexander,@theBozo,TikTok,2021-03-04,12:12,Biodegradable toxins food ecosystem efficiency.,Scientists are unreliable,444,img_289.jpg,https://www.example.com/,https://www.example.com/
63,Kevin Alexander,@climateFool,Twitter,2021-03-04,13:51,Savings law temperature sequestration bicycles.,Not humans,500,img_18.jpg,https://www.example.com/,https://www.example.com/
71,Christopher Barrett,@climateFool,TikTok,2021-03-08,22:25,Chain smart climate protection transit arctic.,Scientists are unreliable,83,img_429.jpg,https://www.example.com/,https://www.example.com/
79,Sophia Bush,@exampleName,YouTube,2021-03-09,14:08,Justice wildlife wind human land.,Not humans,500,img_482.jpg,https://www.example.com/,https://www.example.com/
62,Timothy Parsons,@john214394343,Twitter,2021-03-09,20:38,Footprint divestment innovation geothermal climate.,Scientists are unreliable,500,img_223.jpg,https://www.example.com/,https://www.example.com/
118,Jonathon Keller,@exampleName,YouTube,2021-03-28,03:02,Sprawl sustainable temperature.,Scientists are unreliable,500,img_78.jpg,https://www.example.com/,https://www.example.com/
106,Kevin Alexander,@justSomeSillyLittleGuy,Other,2021-03-28,07:56,Regulations scientific analysis erosion.,Not humans,166,img_99.jpg,https://www.example.com/,https://www.example.com/
73,Joseph Miller,@climateFool,Other,2021-04-02,14:37,Fires recycle law drought cleaner weather urban.,Not happening,500,img_58.jpg,https://www.example.com/,https://www.example.com/
91,Joseph Miller,@thisIsATest,TikTok,2021-04-02,17:35,Policy deforestation emissions divestment.,Solutions won't work,3,img_173.jpg,https://www.example.com/,https://www.example.com/
75,Sophia Bush,@exampleName,Other,2021-04-03,21:41,Action climate forest forest preservation.,Not happening,144,img_303.jpg,https://www.example.com/,https://www.example.com/
69,Jeanette Jackson,@climateFool,YouTube,2021-04-06,17:09,Warming levels arctic wind regulations ozone erosion.,Solutions won't work,158,img_260.jpg,https://www.example.com/,https://www.example.com/
103,Joseph Miller,@thisIsATest,Twitter,2021-04-07,09:58,Justice wind reserves wetlands agroforestry agroforestry wetlands.,Not humans,500,img_218.jpg,https://www.example.com/,https://www.example.com/
113,Robert Reyes,@anotherFake_handle,Other,2021-04-08,07:07,Insulation environmental data biodiversity hydropower advocacy.,Scientists are unreliable,500,img_353.jpg,https://www.example.com/,https://www.example.com/
82,Timothy Parsons,@john214394343,TikTok,2021-04-12,19:17,Resources ice green parks.,Not humans,373,img_237.jpg,https://www.example.com/,https://www.example.com/
117,Jeanette Jackson,@theBozo,Twitter,2021-04-12,20:35,Wind biomass fuels science production.,Not bad,38,img_146.jpg,https://www.example.com/,https://www.example.com/
68,Jeanette Jackson,@THE_CLIMATE_NEWS,TikTok,2021-04-15,03:20,Levels smart hurricane herbicides.,Scientists are unreliable,500,img_255.jpg,https://www.example.com/,https://www.example.com/
94,Christopher Barrett,@dumbHandle,Twitter,2021-04-16,06:14,Smart desertification preservation monoculture overfishing eco-friendly wetlands research.,Scientists are unreliable,437,img_375.jpg,https://www.example.com/,https://www.example.com/
87,Robert Reyes,@theBozo,Other,2021-04-19,00:58,Antarctic wetlands wetlands pesticides.,Solutions won't work,500,img_7.jpg,https://www.example.com/,https://www.example.com/
83,Jonathon Keller,@notAHandle,Twitter,2021-04-19,07:51,Panels trading compost weatherproofing solar degradation.,Solutions won't work,500,img_413.jpg,https://www.example.com/,https://www.example.com/
72,Kevin Alexander,@theBozo,Twitter,2021-04-20,03:06,Innovation disaster degradation warming turbines cities.,Solutions won't work,163,img_75.jpg,https://www.example.com/,https://www.example.com/
70,Robert Reyes,@anotherFake_handle,Other,2021-04-21,07:00,Soil conservation corridors misinformation renewable fuels pollution wave.,Scientists are unreliable,500,img_232.jpg,https://www.example.com/,https://www.example.com/
104,Amber Wilson,@climateFool,Other,2021-04-25,11:11,Recycle landfill alternative advocacy science earth contamination.,Solutions won't work,261,img_128.jpg,https://www.example.com/,https://www.example.com/
121,Joseph Miller,@exampleName,TikTok,2021-04-25,11:17,Arctic forest fossil warming CO2 plastic justice.,Not humans,500,img_418.jpg,https://www.example.com/,https://www.example.com/
115,Christopher Barrett,@notAHandle,Twitter,2021-05-02,12:18,Warming ecosystem conservation chain.,Not happening,443,img_118.jpg,https://www.example.com/,https://www.example.com/
85,Amber Wilson,@notAHandle,Other,2021-05-08,05:11,Volcano conservation pesticide.,Scientists are unreliable,134,img_127.jpg,https://www.example.com/,https://www.example.com/
123,Sophia Bush,@theBozo,Other,2021-05-11,09:16,Equity electricity trading living.,Not humans,500,img_6.jpg,https://www.example.com/,https://www.example.com/
81,Robert Reyes,@climateFool,Twitter,2021-05-13,23:35,Arctic weather vehicles desertification earth projections gases.,Not happening,100,img_66.jpg,https://www.example.com/,https://www.example.com/
86,Michelle Rivers,@notAHandle,YouTube,2021-05-17,10:11,Analysis clean misinformation corridors turbines disaster waste.,Solutions won't work,183,img_22.jpg,https://www.example.com/,https://www.example.com/
119,Amber Wilson,@theBozo,YouTube,2021-05-17,10:48,Degradation drought reserve antarctic.,Not bad,500,img_193.jpg,https://www.example.com/,https://www.example.com/
110,Amber Wilson,@notAHandle,Other,2021-05-17,15:51,Innovation energy sustainable scientific wave transportation innovation.,Scientists are unreliable,163,img_417.jpg,https://www.example.com/,https://www.example.com/
101,Jeanette Jackson,@theBozo,TikTok,2021-05-21,00:30,Organic compost human divestment.,Not bad,500,img_387.jpg,https://www.example.com/,https://www.example.com/
102,Amber Wilson,@dumbHandle,Other,2021-05-23,10:24,Fossil action species divestment ecosystem climate.,Solutions won't work,500,img_473.jpg,https://www.example.com/,https://www.example.com/
67,Sophia Bush,@dumbHandle,Twitter,2021-05-25,01:20,Production living adaptation transportation renewables ocean urban public.,Solutions won't work,68,img_251.jpg,https://www.example.com/,https://www.example.com/
107,Amber Wilson,@exampleName,Twitter,2021-05-26,23:27,Savings fires carbon-neutral antarctic.,Scientists are unreliable,442,img_482.jpg,https://www.example.com/,https://www.example.com/
114,Jonathon Keller,@theBozo,TikTok,2021-05-27,09:46,Farming divestment fishing change.,Not bad,385,img_275.jpg,https://www.example.com/,https://www.example.com/
120,Timothy Parsons,@thisIsATest,YouTube,2021-05-31,01:18,Forest nuclear resources fuel fires depletion trading.,Not happening,500,img_159.jpg,https://www.example.com/,https://www.example.com/
131,Robert Reyes,@climateFool,TikTok,2021-06-15,17:28,Biomass environmental melting food compost.,Not humans,293,img_135.jpg,https://www.example.com/,https://www.example.com/
143,Amber Wilson,@john214394343,TikTok,2021-06-16,06:58,Ecotourism biodegradable wave environmental turbines renewable fertilizer.,Not bad,168,img_148.jpg,https://www.example.com/,https://www.example.com/
130,Michelle Rivers,@THE_CLIMATE_NEWS,YouTube,2021-06-21,11:02,Conservation conservation national parks fossil parks.,Scientists are unreliable,500,img_358.jpg,https://www.example.com/,https://www.example.com/
162,Amber Wilson,@exampleName,YouTube,2021-07-01,00:03,Sprawl innovation desertification methane sprawl.,Solutions won't work,500,img_316.jpg,https://www.example.com/,https://www.example.com/
142,Michelle Rivers,@exampleName,Twitter,2021-07-01,00:59,Insulation sea climate levels wetlands.,Not happening,94,img_192.jpg,https://www.example.com/,https://www.example.com/
126,Timothy Parsons,@thisIsATest,YouTube,2021-07-07,04:13,Compost science conscious emissions sequestration hydropower.,Not happening,500,img_401.jpg,https://www.example.com/,https://www.example.com/
124,Jonathon Keller,@THE_CLIMATE_NEWS,TikTok,2021-07-08,04:29,Coastal trading weatherproofing levels nuclear.,Not happening,448,img_449.jpg,https://www.example.com/,https://www.example.com/
175,Jonathon Keller,@anotherFake_handle,TikTok,2021-07-08,21:07,Energy impact transportation trees environmental human insulation smart.,Not humans,213,img_443.jpg,https://www.example.com/,https://www.example.com/
499,Michelle Rivers,@anotherFake_handle,Twitter,2021-07-11,06:57,Reforestation offsets land production CO2 wind impact equity.,Not bad,30,img_491.jpg,https://www.example.com/,https://www.example.com/
169,Sophia Bush,@THE_CLIMATE_NEWS,YouTube,2021-07-17,22:23,Green green climate recycle trading alternative emissions projections.,Not happening,240,img_204.jpg,https://www.example.com/,https://www.example.com/
158,Michelle Rivers,@exampleName,TikTok,2021-07-29,14:50,Contamination regulations living law sequestration law global CO2.,Solutions won't work,449,img_164.jpg,https://www.example.com/,https://www.example.com/
152,Sophia Bush,@THE_CLIMATE_NEWS,TikTok,2021-07-30,03:47,Consumerism biodiversity temperature earth hydropower grid climate.,Not happening,128,img_159.jpg,https://www.example.com/,https://www.example.com/
141,Sophia Bush,@thisIsATest,TikTok,2021-08-02,00:07,Emissions earth quality forest footprint air fuel change.,Not happening,320,img_223.jpg,https://www.example.com/,https://www.example.com/
151,Joseph Miller,@notAHandle,Twitter,2021-08-16,09:22,Deforestation monoculture sea solar sea change turbines.,Not humans,250,img_299.jpg,https://www.example.com/,https://www.example.com/
174,Jonathon Keller,@notAHandle,YouTube,2021-08-19,18:07,Energy bycatch recycle insulation soil.,Solutions won't work,481,img_161.jpg,https://www.example.com/,https://www.example.com/
156,Jeanette Jackson,@exampleName,Other,2021-08-23,09:49,Monoculture extinction ozone electricity data water biofuel.,Scientists are unreliable,219,img_72.jpg,https://www.example.com/,https://www.example.com/
139,Amber Wilson,@theBozo,TikTok,2021-08-23,16:32,Weather erosion divestment recycle public arctic scientific fossil.,Solutions won't work,500,img_225.jpg,https://www.example.com/,https://www.example.com/
134,Kevin Alexander,@dumbHandle,YouTube,2021-08-24,17:32,Environmental erosion fishing human projections.,Not bad,258,img_73.jpg,https://www.example.com/,https://www.example.com/
165,Joseph Miller,@notAHandle,Twitter,2021-08-27,14:44,Deforestation living waste regulations.,Scientists are unreliable,423,img_343.jpg,https://www.example.com/,https://www.example.com/
179,Sophia Bush,@dumbHandle,Twitter,2021-08-29,16:51,Fuels trees fossil corridors carbon wildlife emissions.,Not bad,81,img_352.jpg,https://www.example.com/,https://www.example.com/
163,Jonathon Keller,@anotherFake_handle,Other,2021-08-30,17:05,Policy acidification biodiversity industrial.,Not bad,500,img_121.jpg,https://www.example.com/,https://www.example.com/
155,Jonathon Keller,@anotherFake_handle,YouTube,2021-09-06,13:39,Depletion water conscious advocacy.,Solutions won't work,246,img_161.jpg,https://www.example.com/,https://www.example.com/
173,Amber Wilson,@exampleName,Other,2021-09-14,03:35,Biofuel protection heat eco-friendly trees melting.,Not humans,113,img_123.jpg,https://www.example.com/,https://www.example.com/
172,Kevin Alexander,@climateFool,Twitter,2021-09-22,14:38,Greenwashing energy monoculture wind solar.,Not happening,500,img_462.jpg,https://www.example.com/,https://www.example.com/
127,Michelle Rivers,@theBozo,YouTube,2021-09-23,19:29,Energy agroforestry urban greenhouse peatlands.,Solutions won't work,194,img_490.jpg,https://www.example.com/,https://www.example.com/
177,Timothy Parsons,@theBozo,Twitter,2021-09-24,17:46,Cleaner contamination environmental weather land mitigation scientific.,Not happening,7,img_430.jpg,https://www.example.com/,https://www.example.com/
129,Amber Wilson,@exampleName,Other,2021-09-26,07:37,Earthquake mitigation science carbon-neutral food offsets earth.,Not humans,64,img_7.jpg,https://www.example.com/,https://www.example.com/
128,Jeanette Jackson,@exampleName,TikTok,2021-09-29,19:13,Arctic smart weather sustainable erosion wetlands.,Not bad,88,img_291.jpg,https://www.example.com/,https://www.example.com/
133,Kevin Alexander,@climateFool,Other,2021-10-06,02:10,Recycle smart marine wetlands action ecotourism.,Not happening,285,img_94.jpg,https://www.example.com/,https://www.example.com/
184,Kevin Alexander,@justSomeSillyLittleGuy,Twitter,2021-10-06,09:26,Efficiency footprint soil wind.,Not humans,500,img_422.jpg,https://www.example.com/,https://www.example.com/
183,Jeanette Jackson,@justSomeSillyLittleGuy,TikTok,2021-10-07,21:32,Agriculture cities fuel science melting.,Solutions won't work,222,img_331.jpg,https://www.example.com/,https://www.example.com/
125,Jeanette Jackson,@climateFool,Twitter,2021-10-08,13:40,National hoax sea.,Solutions won't work,318,img_243.jpg,https://www.example.com/,https://www.example.com/
168,Jeanette Jackson,@THE_CLIMATE_NEWS,YouTube,2021-10-08,21:18,Depletion species environmental recycle climate.,Not bad,500,img_174.jpg,https://www.example.com/,https://www.example.com/
138,Christopher Barrett,@thisIsATest,Twitter,2021-10-09,12:31,Bycatch projections organic development overfishing mitigation.,Scientists are unreliable,500,img_409.jpg,https://www.example.com/,https://www.example.com/
182,Robert Reyes,@climateFool,Twitter,2021-10-10,05:55,Change bamboo production transit.,Solutions won't work,165,img_16.jpg,https://www.example.com/,https://www.example.com/
164,Robert Reyes,@dumbHandle,Other,2021-10-10,06:33,Ecotourism nature volcano smart eco-friendly wind.,Not humans,500,img_112.jpg,https://www.example.com/,https://www.example.com/
150,Robert Reyes,@dumbHandle,Twitter,2021-10-10,10:42,Sustainable greenwashing law agriculture carbon.,Not happening,383,img_461.jpg,https://www.example.com/,https://www.example.com/
144,Jonathon Keller,@dumbHandle,YouTube,2021-10-14,14:01,Contamination climate geothermal organic cycle human smog.,Solutions won't work,53,img_206.jpg,https://www.example.com/,https://www.example.com/
171,Jeanette Jackson,@justSomeSillyLittleGuy,TikTok,2021-10-15,16:36,Biodegradable pesticides fossil food warming quality public.,Not bad,159,img_276.jpg,https://www.example.com/,https://www.example.com/
146,Amber Wilson,@john214394343,Other,2021-10-19,12:21,Fishing soil gases savings production electricity.,Solutions won't work,49,img_233.jpg,https://www.example.com/,https://www.example.com/
135,Michelle Rivers,@anotherFake_handle,Other,2021-10-20,21:59,Trading melting bamboo trees turbines degradation sea.,Not humans,72,img_167.jpg,https://www.example.com/,https://www.example.com/
148,Jeanette Jackson,@anotherFake_handle,Other,2021-10-22,15:55,Degradation innovation protection living.,Not happening,500,img_3.jpg,https://www.example.com/,https://www.example.com/
157,Jonathon Keller,@climateFool,Other,2021-10-25,21:55,Urbanization pollutants natural conservation resources.,Solutions won't work,210,img_317.jpg,https://www.example.com/,https://www.example.com/
160,Timothy Parsons,@dumbHandle,Other,2021-10-30,02:53,Conservation savings wind scientists antarctic marine human human.,Not humans,500,img_47.jpg,https://www.example.com/,https://www.example.com/
178,Sophia Bush,@john214394343,Twitter,2021-11-01,07:09,Air wave clean transportation environmental.,Solutions won't work,357,img_51.jpg,https://www.example.com/,https://www.example.com/
145,Kevin Alexander,@theBozo,TikTok,2021-11-01,11:38,Technology agroforestry desertification.,Solutions won't work,500,img_240.jpg,https://www.example.com/,https://www.example.com/
170,Amber Wilson,@justSomeSillyLittleGuy,TikTok,2021-11-01,12:45,Acidification human biodiversity fossil carbon degradation.,Solutions won't work,60,img_427.jpg,https://www.example.com/,https://www.example.com/
136,Amber Wilson,@dumbHandle,Other,2021-11-02,08:37,Adaptation desertification habitat waste biofuel.,Not happening,476,img_99.jpg,https://www.example.com/,https://www.example.com/
176,Sophia Bush,@exampleName,YouTube,2021-11-05,06:11,Fossil savings conservation climate supply.,Not humans,500,img_6.jpg,https://www.example.com/,https://www.example.com/
159,Amber Wilson,@notAHandle,Other,2021-11-08,00:08,Disaster fuel cleaner carbon land wind.,Solutions won't work,500,img_360.jpg,https://www.example.com/,https://www.example.com/
140,Joseph Miller,@dumbHandle,YouTube,2021-11-09,22:14,Organic agroforestry wetlands.,Not bad,46,img_158.jpg,https://www.example.com/,https://www.example.com/
161,Joseph Miller,@john214394343,TikTok,2021-11-10,01:30,Wildlife earth policy green erosion green.,Not bad,29,img_413.jpg,https://www.example.com/,https://www.example.com/
185,Jonathon Keller,@thisIsATest,TikTok,2021-11-20,13:05,Acidification earth extinction ecotourism sustainable drought resilience.,Not humans,240,img_46.jpg,https://www.example.com/,https://www.example.com/
180,Sophia Bush,@dumbHandle,TikTok,2021-11-21,00:35,Weather conservation change sprawl.,Scientists are unreliable,500,img_416.jpg,https://www.example.com/,https://www.example.com/
181,Michelle Rivers,@anotherFake_handle,YouTube,2021-11-25,18:10,Misinformation overfishing reserves chain deforestation.,Scientists are unreliable,36,img_328.jpg,https://www.example.com/,https://www.example.com/
132,Robert Reyes,@john214394343,TikTok,2021-12-04,04:28,Projections greenhouse habitat.,Scientists are unreliable,500,img_47.jpg,https://www.example.com/,https://www.example.com/
137,Amber Wilson,@THE_CLIMATE_NEWS,Other,2021-12-17,01:29,Reserve technology conservation compost scientific nature biofuel.,Not humans,296,img_482.jpg,https://www.example.com/,https://www.example.com/
167,Joseph Miller,@anotherFake_handle,YouTube,2021-12-17,12:30,Markets sustainable water wind reserve electric.,Not humans,500,img_136.jpg,https://www.example.com/,https://www.example.com/
166,Kevin Alexander,@climateFool,Twitter,2021-12-21,05:39,Conservation consumerism sustainable fuels waste greenhouse agroforestry.,Not humans,27,img_235.jpg,https://www.example.com/,https://www.example.com/
149,Amber Wilson,@thisIsATest,TikTok,2021-12-22,05:58,Ecosystems climate arctic carbon.,Solutions won't work,258,img_194.jpg,https://www.example.com/,https://www.example.com/
147,Robert Reyes,@anotherFake_handle,Twitter,2021-12-23,17:39,Sea science climate sea urbanization compost.,Scientists are unreliable,500,img_392.jpg,https://www.example.com/,https://www.example.com/
154,Robert Reyes,@THE_CLIMATE_NEWS,Twitter,2021-12-27,18:42,Climate national biofuel renewables regulations equity pollutants.,Solutions won't work,363,img_317.jpg,https://www.example.com/,https://www.example.com/
153,Amber Wilson,@thisIsATest,Twitter,2021-12-29,05:32,Degradation degradation emissions degradation fossil plastic.,Solutions won't work,33,img_23.jpg,https://www.example.com/,https://www.example.com/
228,Christopher Barrett,@notAHandle,Twitter,2022-01-10,18:10,Land organic hurricane compost pesticide trading water corridors.,Not happening,394,img_238.jpg,https://www.example.com/,https://www.example.com/
195,Christopher Barrett,@anotherFake_handle,TikTok,2022-01-10,20:29,Plastic sequestration conservation scientific impact sustainable greenhouse bamboo.,Not humans,500,img_463.jpg,https://www.example.com/,https://www.example.com/
234,Sophia Bush,@notAHandle,YouTube,2022-01-11,05:13,Air consumerism pollutants electric clean weather agriculture.,Scientists are unreliable,22,img_387.jpg,https://www.example.com/,https://www.example.com/
224,Michelle Rivers,@theBozo,YouTube,2022-01-11,10:06,Wetlands sustainability carbon ecosystem erosion degradation markets bamboo.,Not happening,500,img_330.jpg,https://www.example.com/,https://www.example.com/
199,Robert Reyes,@john214394343,TikTok,2022-01-13,15:27,Biofuel pesticides cleaner protection.,Solutions won't work,77,img_200.jpg,https://www.example.com/,https://www.example.com/
247,Michelle Rivers,@thisIsATest,TikTok,2022-01-14,21:12,Solar smog turbines solar storm living biofuel.,Not bad,262,img_318.jpg,https://www.example.com/,https://www.example.com/
196,Jeanette Jackson,@theBozo,TikTok,2022-01-14,21:45,Development fossil regulations sprawl panels projections nature.,Not humans,500,img_420.jpg,https://www.example.com/,https://www.example.com/
207,Robert Reyes,@theBozo,YouTube,2022-01-15,10:31,Contamination wetlands carbon recycle organic.,Not happening,256,img_165.jpg,https://www.example.com/,https://www.example.com/
236,Michelle Rivers,@theBozo,YouTube,2022-01-16,21:20,Advocacy bicycles cycle carbon action smart innovation.,Not bad,476,img_362.jpg,https://www.example.com/,https://www.example.com/
215,Sophia Bush,@thisIsATest,Twitter,2022-01-16,23:23,Markets ecosystems climate cities greenwashing preservation law.,Solutions won't work,182,img_50.jpg,https://www.example.com/,https://www.example.com/
208,Joseph Miller,@notAHandle,TikTok,2022-01-23,14:34,Wave grid endangered peatlands fuel methane.,Not happening,445,img_287.jpg,https://www.example.com/,https://www.example.com/
222,Kevin Alexander,@dumbHandle,Other,2022-01-23,16:14,Quality regulations corridors ice recycle.,Not happening,377,img_366.jpg,https://www.example.com/,https://www.example.com/
246,Jeanette Jackson,@john214394343,Twitter,2022-01-23,18:28,Forest endangered soil fossil climate.,Solutions won't work,129,img_349.jpg,https://www.example.com/,https://www.example.com/
217,Sophia Bush,@dumbHandle,TikTok,2022-01-24,05:44,Regulations ecotourism conservation innovation.,Solutions won't work,298,img_495.jpg,https://www.example.com/,https://www.example.com/
220,Kevin Alexander,@theBozo,Other,2022-01-24,07:06,Ecotourism policy footprint greenwashing fuel air climate.,Scientists are unreliable,134,img_441.jpg,https://www.example.com/,https://www.example.com/
230,Jeanette Jackson,@notAHandle,TikTok,2022-01-24,11:05,Climate climate ecosystems floods environmental.,Scientists are unreliable,493,img_222.jpg,https://www.example.com/,https://www.example.com/
216,Kevin Alexander,@justSomeSillyLittleGuy,Twitter,2022-01-24,18:53,Air pollution bycatch cleaner ice floods biofuel.,Not humans,364,img_297.jpg,https://www.example.com/,https://www.example.com/
221,Jeanette Jackson,@THE_CLIMATE_NEWS,YouTube,2022-01-25,01:56,Recycle overfishing hydropower green hoax adaptation.,Not happening,153,img_483.jpg,https://www.example.com/,https://www.example.com/
223,Joseph Miller,@justSomeSillyLittleGuy,Other,2022-01-25,14:54,Recycle sustainable consumerism biofuel nuclear.,Solutions won't work,500,img_163.jpg,https://www.example.com/,https://www.example.com/
226,Jeanette Jackson,@dumbHandle,Other,2022-01-25,16:25,Recycle industrial resilience turbines wildlife deforestation markets.,Not bad,389,img_434.jpg,https://www.example.com/,https://www.example.com/
209,Robert Reyes,@notAHandle,TikTok,2022-01-26,04:35,Food levels land offsets.,Not happening,200,img_286.jpg,https://www.example.com/,https://www.example.com/
231,Robert Reyes,@exampleName,Other,2022-01-26,18:42,Sustainable depletion turbines industrial.,Scientists are unreliable,312,img_368.jpg,https://www.example.com/,https://www.example.com/
232,Michelle Rivers,@thisIsATest,Twitter,2022-01-26,20:59,Human smart pesticides turbines production earth fires desertification.,Not bad,50,img_65.jpg,https://www.example.com/,https://www.example.com/
192,Michelle Rivers,@theBozo,TikTok,2022-01-27,04:03,Acidification landfill degradation farming.,Not happening,197,img_458.jpg,https://www.example.com/,https://www.example.com/
206,Michelle Rivers,@dumbHandle,Other,2022-01-27,07:07,Cycle wildlife data emissions hydropower arctic.,Not humans,500,img_390.jpg,https://www.example.com/,https://www.example.com/
245,Christopher Barrett,@justSomeSillyLittleGuy,Twitter,2022-01-27,09:56,Protection models earthquake geothermal wildlife trading national.,Not humans,500,img_182.jpg,https://www.example.com/,https://www.example.com/
225,Joseph Miller,@climateFool,Twitter,2022-01-27,10:16,Carbon preservation wind warming volcano earth turbines.,Not humans,358,img_131.jpg,https://www.example.com/,https://www.example.com/
237,Amber Wilson,@dumbHandle,TikTok,2022-01-28,00:52,Smart mitigation biodiversity innovation.,Not bad,500,img_484.jpg,https://www.example.com/,https://www.example.com/
213,Timothy Parsons,@theBozo,Other,2022-01-30,08:47,Projections fertilizer antarctic organic production conscious food.,Not bad,500,img_368.jpg,https://www.example.com/,https://www.example.com/
194,Robert Reyes,@dumbHandle,YouTube,2022-01-30,22:56,Food compost rainforest wind levels acidification trading.,Scientists are unreliable,302,img_21.jpg,https://www.example.com/,https://www.example.com/
235,Robert Reyes,@john214394343,YouTube,2022-01-31,00:54,Fishing warming offsets soil development pollution.,Not happening,500,img_59.jpg,https://www.example.com/,https://www.example.com/
218,Timothy Parsons,@exampleName,Other,2022-01-31,03:39,Resilience wildlife ozone fires methane.,Scientists are unreliable,148,img_168.jpg,https://www.example.com/,https://www.example.com/
302,Timothy Parsons,@exampleName,Other,2022-02-02,10:14,Global weatherproofing smart erosion smart.,Not happening,269,img_251.jpg,https://www.example.com/,https://www.example.com/
291,Jonathon Keller,@anotherFake_handle,Other,2022-02-03,01:36,Bamboo wind peatlands endangered antarctic.,Scientists are unreliable,500,img_300.jpg,https://www.example.com/,https://www.example.com/
267,Jonathon Keller,@notAHandle,TikTok,2022-02-03,23:45,Fossil renewables turbines depletion.,Not bad,500,img_185.jpg,https://www.example.com/,https://www.example.com/
253,Jeanette Jackson,@theBozo,TikTok,2022-02-06,01:47,Fuels fertilizer agroforestry.,Solutions won't work,196,img_4.jpg,https://www.example.com/,https://www.example.com/
283,Christopher Barrett,@climateFool,Other,2022-02-06,17:19,Solar biodegradable trading development carbon-neutral seismic earthquake.,Solutions won't work,500,img_224.jpg,https://www.example.com/,https://www.example.com/
270,Sophia Bush,@justSomeSillyLittleGuy,Twitter,2022-02-06,18:06,Natural contamination acidification deforestation equity trees impact.,Not humans,85,img_98.jpg,https://www.example.com/,https://www.example.com/
305,Jeanette Jackson,@dumbHandle,TikTok,2022-02-07,14:25,Melting sustainability scientists resources.,Solutions won't work,500,img_386.jpg,https://www.example.com/,https://www.example.com/
303,Amber Wilson,@THE_CLIMATE_NEWS,Twitter,2022-02-08,00:23,Cities ice antarctic data living.,Solutions won't work,190,img_393.jpg,https://www.example.com/,https://www.example.com/
266,Michelle Rivers,@justSomeSillyLittleGuy,Other,2022-02-08,22:52,Panels CO2 weather public erosion sprawl ice climate.,Solutions won't work,500,img_364.jpg,https://www.example.com/,https://www.example.com/
260,Kevin Alexander,@theBozo,Other,2022-02-09,05:34,Bycatch sustainable living bicycles.,Not bad,305,img_347.jpg,https://www.example.com/,https://www.example.com/
290,Christopher Barrett,@THE_CLIMATE_NEWS,YouTube,2022-02-09,19:03,Reserve species action overfishing climate ocean mitigation.,Not happening,318,img_198.jpg,https://www.example.com/,https://www.example.com/
294,Christopher Barrett,@THE_CLIMATE_NEWS,TikTok,2022-02-11,07:26,Fossil sustainable conservation.,Not bad,500,img_262.jpg,https://www.example.com/,https://www.example.com/
300,Timothy Parsons,@theBozo,Twitter,2022-02-11,12:15,Fuel scientific pollution sustainable green heat.,Not humans,500,img_153.jpg,https://www.example.com/,https://www.example.com/
255,Jonathon Keller,@THE_CLIMATE_NEWS,Twitter,2022-02-13,00:52,Acidification drought policy bicycles methane.,Solutions won't work,500,img_27.jpg,https://www.example.com/,https://www.example.com/
259,Kevin Alexander,@theBozo,TikTok,2022-02-13,12:38,Earth preservation fishing fertilizer fossil change cities.,Not bad,418,img_183.jpg,https://www.example.com/,https://www.example.com/
263,Timothy Parsons,@dumbHandle,YouTube,2022-02-13,18:56,Science weather waste earth.,Scientists are unreliable,191,img_456.jpg,https://www.example.com/,https://www.example.com/
252,Joseph Miller,@exampleName,Twitter,2022-02-14,13:23,Extinction sustainable organic toxins justice organic carbon.,Solutions won't work,500,img_235.jpg,https://www.example.com/,https://www.example.com/
265,Christopher Barrett,@justSomeSillyLittleGuy,YouTube,2022-02-14,15:58,Law transit ice landfill quality sustainability.,Not happening,397,img_228.jpg,https://www.example.com/,https://www.example.com/
307,Michelle Rivers,@dumbHandle,Other,2022-02-14,16:42,Antarctic carbon rainforest wind conservation weatherproofing hydropower sustainability.,Not bad,500,img_429.jpg,https://www.example.com/,https://www.example.com/
248,Kevin Alexander,@theBozo,TikTok,2022-02-15,12:22,Air earthquake reforestation.,Not humans,333,img_236.jpg,https://www.example.com/,https://www.example.com/
295,Kevin Alexander,@THE_CLIMATE_NEWS,YouTube,2022-02-16,12:58,Nature fishing markets air action biodiversity.,Not humans,261,img_192.jpg,https://www.example.com/,https://www.example.com/
251,Sophia Bush,@exampleName,TikTok,2022-02-16,20:48,Reserve footprint volcano extinction warming.,Solutions won't work,164,img_47.jpg,https://www.example.com/,https://www.example.com/
276,Jonathon Keller,@exampleName,Twitter,2022-02-17,11:05,Arctic climate projections science transportation.,Not humans,155,img_100.jpg,https://www.example.com/,https://www.example.com/
250,Christopher Barrett,@justSomeSillyLittleGuy,Other,2022-02-18,23:30,Carbon solar action desertification.,Not bad,304,img_402.jpg,https://www.example.com/,https://www.example.com/
281,Kevin Alexander,@THE_CLIMATE_NEWS,Twitter,2022-02-19,05:05,Mitigation biofuel global wave.,Not humans,245,img_329.jpg,https://www.example.com/,https://www.example.com/
262,Robert Reyes,@notAHandle,YouTube,2022-02-19,14:16,Climate climate research trees bycatch energy.,Not bad,148,img_363.jpg,https://www.example.com/,https://www.example.com/
282,Kevin Alexander,@notAHandle,Other,2022-02-21,14:35,Sea farming food wildlife.,Scientists are unreliable,246,img_422.jpg,https://www.example.com/,https://www.example.com/
258,Timothy Parsons,@theBozo,TikTok,2022-02-22,05:32,Green climate weatherproofing energy peatlands organic overfishing biofuel.,Not happening,500,img_75.jpg,https://www.example.com/,https://www.example.com/
298,Jonathon Keller,@anotherFake_handle,Other,2022-02-24,06:13,Geothermal sea rainforest resilience.,Scientists are unreliable,271,img_282.jpg,https://www.example.com/,https://www.example.com/
274,Sophia Bush,@thisIsATest,TikTok,2022-02-25,15:32,Policy equity eco-friendly arctic projections sea green.,Not happening,235,img_281.jpg,https://www.example.com/,https://www.example.com/
249,Robert Reyes,@exampleName,Twitter,2022-03-01,04:11,Change natural hurricane chain wildlife volcano science urbanization.,Not humans,500,img_207.jpg,https://www.example.com/,https://www.example.com/
289,Robert Reyes,@anotherFake_handle,YouTube,2022-03-02,08:14,Sustainable biomass sustainability warming resilience landfill agriculture.,Scientists are unreliable,87,img_259.jpg,https://www.example.com/,https://www.example.com/
304,Christopher Barrett,@john214394343,TikTok,2022-03-02,18:33,Ozone electric degradation fires innovation analysis volcano weatherproofing.,Not bad,40,img_200.jpg,https://www.example.com/,https://www.example.com/
284,Michelle Rivers,@THE_CLIMATE_NEWS,Twitter,2022-03-04,20:00,Greenhouse insulation air gases reserves soil.,Not happening,243,img_485.jpg,https://www.example.com/,https://www.example.com/
271,Jonathon Keller,@climateFool,TikTok,2022-03-06,06:36,Carbon sustainable biofuel science hoax.,Not happening,442,img_114.jpg,https://www.example.com/,https://www.example.com/
308,Timothy Parsons,@exampleName,TikTok,2022-03-07,06:18,Clean savings conscious air technology.,Not happening,41,img_272.jpg,https://www.example.com/,https://www.example.com/
254,Robert Reyes,@justSomeSillyLittleGuy,Twitter,2022-03-07,17:45,Earth bycatch biodiversity action air wetlands.,Not bad,39,img_306.jpg,https://www.example.com/,https://www.example.com/
288,Timothy Parsons,@thisIsATest,Twitter,2022-03-08,16:46,Equity greenwashing justice vehicles compost.,Not happening,25,img_94.jpg,https://www.example.com/,https://www.example.com/
293,Jeanette Jackson,@THE_CLIMATE_NEWS,Other,2022-03-08,21:54,Fuels fuels equity sprawl extinction peatlands.,Solutions won't work,397,img_9.jpg,https://www.example.com/,https://www.example.com/
256,Amber Wilson,@john214394343,YouTube,2022-03-09,03:54,Hydropower industrial water fuel climate.,Not happening,500,img_25.jpg,https://www.example.com/,https://www.example.com/
309,Timothy Parsons,@climateFool,TikTok,2022-03-09,04:08,Cleaner biodiversity erosion disaster.,Not bad,395,img_224.jpg,https://www.example.com/,https://www.example.com/
297,Kevin Alexander,@justSomeSillyLittleGuy,Other,2022-03-09,19:04,Science bicycles habitat coastal solar heat compost research.,Not happening,177,img_377.jpg,https://www.example.com/,https://www.example.com/
287,Jonathon Keller,@john214394343,Other,2022-03-10,04:13,Depletion disaster fertilizer marine renewables ecosystems.,Not bad,500,img_227.jpg,https://www.example.com/,https://www.example.com/
296,Sophia Bush,@notAHandle,Twitter,2022-03-10,07:13,Urbanization ecosystems depletion environmental ice.,Solutions won't work,500,img_158.jpg,https://www.example.com/,https://www.example.com/
277,Sophia Bush,@anotherFake_handle,Other,2022-03-10,18:16,Soil environmental carbon resources cities climate.,Not happening,169,img_278.jpg,https://www.example.com/,https://www.example.com/
292,Amber Wilson,@exampleName,YouTube,2022-03-10,18:35,Resilience grid erosion landfill climate clean quality.,Not bad,13,img_418.jpg,https://www.example.com/,https://www.example.com/
278,Robert Reyes,@anotherFake_handle,Twitter,2022-03-11,05:01,Sea plastic policy antarctic energy.,Not bad,500,img_328.jpg,https://www.example.com/,https://www.example.com/
273,Joseph Miller,@climateFool,YouTube,2022-03-13,05:43,Solar arctic preservation air law carbon ice.,Solutions won't work,24,img_464.jpg,https://www.example.com/,https://www.example.com/
264,Jonathon Keller,@THE_CLIMATE_NEWS,TikTok,2022-03-13,13:02,Environmental earth sustainability wetlands bamboo.,Solutions won't work,109,img_28.jpg,https://www.example.com/,https://www.example.com/
275,Jeanette Jackson,@john214394343,TikTok,2022-03-16,23:41,Melting recycle extinction disaster.,Not humans,200,img_496.jpg,https://www.example.com/,https://www.example.com/
257,Timothy Parsons,@theBozo,Twitter,2022-03-21,02:20,Fossil carbon-neutral resilience data wildlife wind.,Not happening,374,img_196.jpg,https://www.example.com/,https://www.example.com/
286,Amber Wilson,@exampleName,TikTok,2022-03-22,06:47,Resources pollutants grid smart levels.,Not bad,480,img_183.jpg,https://www.example.com/,https://www.example.com/
269,Timothy Parsons,@justSomeSillyLittleGuy,TikTok,2022-03-22,14:33,Drought earthquake monoculture air weather fuel soil.,Not humans,500,img_355.jpg,https://www.example.com/,https://www.example.com/
268,Jonathon Keller,@climateFool,YouTube,2022-03-23,03:01,Waste green resources organic.,Solutions won't work,133,img_255.jpg,https://www.example.com/,https://www.example.com/
299,Joseph Miller,@anotherFake_handle,Twitter,2022-03-23,03:02,Volcano mitigation climate greenhouse plastic.,Not happening,500,img_455.jpg,https://www.example.com/,https://www.example.com/
279,Jonathon Keller,@thisIsATest,Twitter,2022-03-23,13:27,Research greenhouse gases turbines sustainable scientists footprint degradation.,Solutions won't work,500,img_398.jpg,https://www.example.com/,https://www.example.com/
280,Kevin Alexander,@john214394343,Other,2022-03-24,17:26,Fossil models production wetlands climate.,Not bad,484,img_114.jpg,https://www.example.com/,https://www.example.com/
261,Kevin Alexander,@john214394343,Other,2022-03-25,04:51,Weather solar heat herbicides ocean rainforest natural.,Not humans,500,img_227.jpg,https://www.example.com/,https://www.example.com/
272,Jonathon Keller,@notAHandle,YouTube,2022-03-26,18:03,Human nuclear bamboo hurricane biodiversity impact.,Not happening,500,img_211.jpg,https://www.example.com/,https://www.example.com/
285,Timothy Parsons,@theBozo,YouTube,2022-03-26,22:47,Bamboo research climate ecotourism.,Not happening,500,img_174.jpg,https://www.example.com/,https://www.example.com/
301,Robert Reyes,@climateFool,YouTube,2022-03-28,21:10,Fossil rainforest parks sequestration extinction.,Not bad,466,img_324.jpg,https://www.example.com/,https://www.example.com/
306,Joseph Miller,@theBozo,TikTok,2022-03-31,03:24,Misinformation soil pollutants regulations heat hoax green.,Not bad,500,img_365.jpg,https://www.example.com/,https://www.example.com/
359,Timothy Parsons,@climateFool,YouTube,2022-04-03,16:41,Greenwashing marine carbon fuel advocacy bycatch science innovation.,Not bad,117,img_42.jpg,https://www.example.com/,https://www.example.com/
334,Christopher Barrett,@theBozo,YouTube,2022-04-06,11:06,Peatlands green smog action electric.,Scientists are unreliable,493,img_314.jpg,https://www.example.com/,https://www.example.com/
310,Timothy Parsons,@thisIsATest,Other,2022-04-07,18:34,Peatlands peatlands plastic biofuel renewable impact energy.,Scientists are unreliable,500,img_59.jpg,https://www.example.com/,https://www.example.com/
368,Jeanette Jackson,@anotherFake_handle,TikTok,2022-04-14,16:33,Hydropower plastic weatherproofing greenwashing.,Not happening,500,img_386.jpg,https://www.example.com/,https://www.example.com/
353,Michelle Rivers,@john214394343,Other,2022-04-22,14:48,Biodiversity biodegradable scientists panels urbanization erosion.,Not bad,107,img_225.jpg,https://www.example.com/,https://www.example.com/
335,Jeanette Jackson,@john214394343,Other,2022-04-23,15:31,Analysis depletion preservation compost earth sea.,Not bad,500,img_418.jpg,https://www.example.com/,https://www.example.com/
357,Timothy Parsons,@notAHandle,TikTok,2022-04-28,07:42,Efficiency climate deforestation urbanization rainforest scientists.,Not humans,500,img_170.jpg,https://www.example.com/,https://www.example.com/
344,Jonathon Keller,@THE_CLIMATE_NEWS,Twitter,2022-05-06,10:56,Carbon-Neutral species weather transportation public.,Solutions won't work,500,img_273.jpg,https://www.example.com/,https://www.example.com/
355,Jonathon Keller,@exampleName,TikTok,2022-05-08,13:30,Greenwashing herbicides extinction heat mitigation ice wind.,Scientists are unreliable,372,img_344.jpg,https://www.example.com/,https://www.example.com/
337,Michelle Rivers,@thisIsATest,Twitter,2022-05-10,23:30,Greenhouse storm electric.,Not happening,500,img_213.jpg,https://www.example.com/,https://www.example.com/
356,Michelle Rivers,@justSomeSillyLittleGuy,Other,2022-05-11,06:14,Pollutants green habitat solar temperature wave.,Not humans,500,img_48.jpg,https://www.example.com/,https://www.example.com/
351,Michelle Rivers,@theBozo,TikTok,2022-05-11,10:52,Misinformation wildlife fertilizer law sustainable resilience marine living.,Not humans,500,img_73.jpg,https://www.example.com/,https://www.example.com/
322,Jeanette Jackson,@THE_CLIMATE_NEWS,Other,2022-05-17,10:37,Eco-Friendly ozone sea hoax electricity electricity.,Not happening,500,img_441.jpg,https://www.example.com/,https://www.example.com/
363,Robert Reyes,@exampleName,TikTok,2022-05-22,17:42,Pesticide agriculture grid sustainable smog.,Not happening,500,img_347.jpg,https://www.example.com/,https://www.example.com/
320,Timothy Parsons,@dumbHandle,Twitter,2022-05-25,08:12,Clean energy electric eco-friendly degradation hydropower divestment quality.,Not humans,500,img_21.jpg,https://www.example.com/,https://www.example.com/
364,Sophia Bush,@thisIsATest,YouTube,2022-05-25,14:43,Marine justice fuel solar heat seismic.,Scientists are unreliable,500,img_484.jpg,https://www.example.com/,https://www.example.com/
315,Kevin Alexander,@justSomeSillyLittleGuy,Twitter,2022-06-02,15:31,Industrial fertilizer urban cities recycle solar research.,Not bad,500,img_36.jpg,https://www.example.com/,https://www.example.com/
332,Sophia Bush,@notAHandle,Other,2022-06-05,07:59,Efficiency policy regulations reserve degradation innovation.,Not bad,500,img_258.jpg,https://www.example.com/,https://www.example.com/
354,Timothy Parsons,@dumbHandle,Other,2022-06-05,13:30,Law preservation cycle pesticide eco-friendly fertilizer.,Not happening,142,img_94.jpg,https://www.example.com/,https://www.example.com/
323,Michelle Rivers,@climateFool,YouTube,2022-06-09,19:32,Endangered cities volcano parks biodiversity rainforest habitat.,Scientists are unreliable,500,img_240.jpg,https://www.example.com/,https://www.example.com/
350,Jeanette Jackson,@THE_CLIMATE_NEWS,Other,2022-06-26,13:50,Heat arctic greenwashing grid transit antarctic plastic.,Not humans,163,img_297.jpg,https://www.example.com/,https://www.example.com/
311,Jonathon Keller,@thisIsATest,TikTok,2022-06-27,14:54,Hurricane divestment projections technology wind chain sprawl.,Solutions won't work,500,img_114.jpg,https://www.example.com/,https://www.example.com/
361,Jeanette Jackson,@notAHandle,YouTube,2022-06-28,08:12,Corridors ecosystems biodegradable.,Solutions won't work,15,img_265.jpg,https://www.example.com/,https://www.example.com/
328,Amber Wilson,@notAHandle,YouTube,2022-07-05,06:44,Insulation environmental coastal forest analysis.,Not bad,157,img_335.jpg,https://www.example.com/,https://www.example.com/
342,Jonathon Keller,@dumbHandle,Other,2022-07-08,04:06,Hurricane protection development hoax climate.,Not humans,84,img_23.jpg,https://www.example.com/,https://www.example.com/
339,Sophia Bush,@anotherFake_handle,TikTok,2022-07-11,03:12,Carbon climate fuels technology.,Not humans,80,img_490.jpg,https://www.example.com/,https://www.example.com/
326,Christopher Barrett,@thisIsATest,Other,2022-07-12,01:00,Carbon-Neutral climate fuel cycle volcano bamboo.,Solutions won't work,500,img_376.jpg,https://www.example.com/,https://www.example.com/
321,Timothy Parsons,@justSomeSillyLittleGuy,Other,2022-07-18,10:34,Compost reserves electric air vehicles biodiversity hoax.,Not bad,500,img_247.jpg,https://www.example.com/,https://www.example.com/
338,Jeanette Jackson,@thisIsATest,YouTube,2022-07-19,05:53,Public cities carbon smart.,Not bad,269,img_86.jpg,https://www.example.com/,https://www.example.com/
312,Robert Reyes,@exampleName,TikTok,2022-07-20,15:30,Carbon renewable warming degradation.,Not humans,500,img_91.jpg,https://www.example.com/,https://www.example.com/
352,Michelle Rivers,@john214394343,Other,2022-07-20,18:31,Conservation divestment sustainable renewable greenwashing.,Not happening,382,img_136.jpg,https://www.example.com/,https://www.example.com/
360,Jonathon Keller,@john214394343,Other,2022-07-21,03:10,Bycatch carbon pesticides supply transit.,Not humans,500,img_348.jpg,https://www.example.com/,https://www.example.com/
314,Sophia Bush,@dumbHandle,YouTube,2022-07-24,08:04,Energy carbon wildlife ice.,Not bad,399,img_202.jpg,https://www.example.com/,https://www.example.com/
331,Robert Reyes,@exampleName,TikTok,2022-07-28,14:39,Coastal contamination soil science scientists alternative.,Not humans,500,img_164.jpg,https://www.example.com/,https://www.example.com/
341,Michelle Rivers,@dumbHandle,Twitter,2022-08-04,17:30,Biodiversity soil fossil nature development nuclear reserve.,Not happening,500,img_405.jpg,https://www.example.com/,https://www.example.com/
371,Timothy Parsons,@theBozo,YouTube,2022-08-10,21:30,Eco-Friendly rainforest solar.,Solutions won't work,352,img_195.jpg,https://www.example.com/,https://www.example.com/
358,Robert Reyes,@notAHandle,YouTube,2022-08-23,07:14,Fuel farming climate natural models research.,Not bad,275,img_462.jpg,https://www.example.com/,https://www.example.com/
346,Jeanette Jackson,@THE_CLIMATE_NEWS,Other,2022-09-01,10:58,Policy fertilizer projections carbon-neutral electric analysis impact reserves.,Solutions won't work,500,img_379.jpg,https://www.example.com/,https://www.example.com/
325,Robert Reyes,@dumbHandle,Twitter,2022-09-01,17:41,Recycle scientists research pesticides habitat.,Not happening,157,img_104.jpg,https://www.example.com/,https://www.example.com/
336,Michelle Rivers,@THE_CLIMATE_NEWS,Other,2022-09-03,10:23,Carbon biofuel volcano fuel technology carbon.,Not humans,500,img_313.jpg,https://www.example.com/,https://www.example.com/
324,Christopher Barrett,@thisIsATest,YouTube,2022-09-03,11:51,Solar desertification habitat living pollution smart fuels.,Not happening,473,img_162.jpg,https://www.example.com/,https://www.example.com/
367,Sophia Bush,@exampleName,Other,2022-09-29,11:33,Emissions wave pollutants energy fishing fires.,Not happening,315,img_392.jpg,https://www.example.com/,https://www.example.com/
343,Timothy Parsons,@climateFool,Twitter,2022-10-05,03:12,Projections monoculture science turbines transportation research melting.,Scientists are unreliable,169,img_178.jpg,https://www.example.com/,https://www.example.com/
319,Jeanette Jackson,@THE_CLIMATE_NEWS,Other,2022-10-05,19:38,Trees agroforestry species grid reserves bamboo technology erosion.,Scientists are unreliable,500,img_328.jpg,https://www.example.com/,https://www.example.com/
340,Jonathon Keller,@dumbHandle,Other,2022-10-08,07:02,Geothermal marine sustainable pesticide warming.,Not humans,31,img_220.jpg,https://www.example.com/,https://www.example.com/
365,Jeanette Jackson,@THE_CLIMATE_NEWS,YouTube,2022-10-08,21:11,Pollution forest wildlife fossil wind.,Scientists are unreliable,500,img_378.jpg,https://www.example.com/,https://www.example.com/
348,Jonathon Keller,@justSomeSillyLittleGuy,Twitter,2022-10-17,08:25,Law wave antarctic rainforest fires urbanization.,Scientists are unreliable,500,img_368.jpg,https://www.example.com/,https://www.example.com/
330,Robert Reyes,@thisIsATest,YouTube,2022-10-19,09:17,Technology misinformation forest wind.,Not bad,371,img_223.jpg,https://www.example.com/,https://www.example.com/
327,Kevin Alexander,@theBozo,Other,2022-10-21,22:15,Bicycles cycle forest earth development nature technology.,Not humans,500,img_136.jpg,https://www.example.com/,https://www.example.com/
347,Timothy Parsons,@dumbHandle,TikTok,2022-10-24,19:43,Technology alternative land policy insulation sea.,Not bad,47,img_15.jpg,https://www.example.com/,https://www.example.com/
362,Jonathon Keller,@dumbHandle,Other,2022-11-22,08:37,Climate human monoculture consumerism sea.,Not happening,419,img_422.jpg,https://www.example.com/,https://www.example.com/
318,Joseph Miller,@exampleName,TikTok,2022-11-27,10:41,Emissions landfill ecosystem plastic compost global.,Not happening,444,img_50.jpg,https://www.example.com/,https://www.example.com/
366,Amber Wilson,@notAHandle,Other,2022-11-28,18:07,Sea biofuel cities resilience solar human hydropower.,Solutions won't work,75,img_243.jpg,https://www.example.com/,https://www.example.com/
317,Amber Wilson,@justSomeSillyLittleGuy,YouTube,2022-11-29,13:55,Storm emissions policy mitigation climate.,Scientists are unreliable,308,img_61.jpg,https://www.example.com/,https://www.example.com/
313,Amber Wilson,@theBozo,Other,2022-12-04,03:59,Conservation smog overfishing.,Not humans,500,img_486.jpg,https://www.example.com/,https://www.example.com/
316,Sophia Bush,@THE_CLIMATE_NEWS,TikTok,2022-12-04,13:54,Wildlife carbon ice justice reserves sprawl.,Not happening,62,img_46.jpg,https://www.example.com/,https://www.example.com/
345,Timothy Parsons,@climateFool,Twitter,2022-12-11,17:03,Extinction bamboo weather trading agroforestry.,Not bad,183,img_454.jpg,https://www.example.com/,https://www.example.com/
349,Sophia Bush,@john214394343,Other,2022-12-14,18:21,Floods solar urbanization forest technology.,Solutions won't work,14,img_117.jpg,https://www.example.com/,https://www.example.com/
329,Amber Wilson,@theBozo,Other,2022-12-17,10:42,Conscious wildlife coastal warming.,Not happening,460,img_498.jpg,https://www.example.com/,https://www.example.com/
369,Amber Wilson,@climateFool,Twitter,2022-12-21,13:35,Reforestation gases offsets.,Not happening,60,img_6.jpg,https://www.example.com/,https://www.example.com/
497,Robert Reyes,@john214394343,YouTube,2022-12-23,08:13,Projections climate trading national fertilizer human.,Not humans,500,img_16.jpg,https://www.example.com/,https://www.example.com/
333,Joseph Miller,@john214394343,Twitter,2022-12-24,06:01,Sustainability quality disaster forest wave renewables air.,Not happening,51,img_475.jpg,https://www.example.com/,https://www.example.com/
370,Sophia Bush,@anotherFake_handle,YouTube,2022-12-26,03:49,Hurricane erosion forest air.,Not happening,104,img_25.jpg,https://www.example.com/,https://www.example.com/
422,Christopher Barrett,@thisIsATest,Twitter,2023-01-03,05:58,Parks natural protection divestment land markets earthquake.,Not humans,500,img_323.jpg,https://www.example.com/,https://www.example.com/
398,Joseph Miller,@justSomeSillyLittleGuy,Twitter,2023-01-03,19:46,Landfill waste wildlife models organic.,Solutions won't work,500,img_207.jpg,https://www.example.com/,https://www.example.com/
424,Robert Reyes,@notAHandle,Twitter,2023-01-06,11:36,Earthquake preservation ocean temperature fuel clean cycle.,Solutions won't work,273,img_416.jpg,https://www.example.com/,https://www.example.com/
373,Joseph Miller,@john214394343,TikTok,2023-01-08,10:53,Change data bicycles.,Not bad,500,img_298.jpg,https://www.example.com/,https://www.example.com/
423,Christopher Barrett,@exampleName,Other,2023-01-09,08:47,Depletion earthquake biodiversity erosion cleaner data.,Scientists are unreliable,316,img_497.jpg,https://www.example.com/,https://www.example.com/
405,Robert Reyes,@climateFool,Other,2023-01-10,05:02,Vehicles erosion greenhouse science.,Scientists are unreliable,494,img_220.jpg,https://www.example.com/,https://www.example.com/
400,Timothy Parsons,@climateFool,YouTube,2023-01-14,16:07,Reserves environmental wind projections.,Solutions won't work,500,img_48.jpg,https://www.example.com/,https://www.example.com/
399,Robert Reyes,@theBozo,TikTok,2023-01-14,16:42,Bamboo erosion transportation hoax fuels urbanization.,Scientists are unreliable,82,img_125.jpg,https://www.example.com/,https://www.example.com/
427,Amber Wilson,@thisIsATest,Twitter,2023-01-15,17:09,Food wetlands emissions models.,Solutions won't work,171,img_2.jpg,https://www.example.com/,https://www.example.com/
401,Jeanette Jackson,@THE_CLIMATE_NEWS,Other,2023-01-18,06:04,Toxins recycle biodiversity nuclear.,Not humans,338,img_386.jpg,https://www.example.com/,https://www.example.com/
412,Sophia Bush,@climateFool,TikTok,2023-01-20,00:46,Forest misinformation technology seismic.,Not humans,235,img_62.jpg,https://www.example.com/,https://www.example.com/
402,Timothy Parsons,@john214394343,YouTube,2023-01-23,01:35,Panels conscious water carbon.,Solutions won't work,45,img_393.jpg,https://www.example.com/,https://www.example.com/
409,Amber Wilson,@john214394343,TikTok,2023-01-25,13:52,Research waste herbicides food trees.,Not happening,447,img_120.jpg,https://www.example.com/,https://www.example.com/
419,Joseph Miller,@theBozo,Other,2023-01-28,04:03,Chain weather degradation biomass food sustainability.,Not bad,500,img_224.jpg,https://www.example.com/,https://www.example.com/
394,Christopher Barrett,@notAHandle,Other,2023-02-03,09:04,Plastic protection mitigation deforestation chain efficiency management.,Solutions won't work,500,img_438.jpg,https://www.example.com/,https://www.example.com/
381,Jeanette Jackson,@climateFool,YouTube,2023-02-05,06:53,Geothermal gases footprint adaptation soil antarctic recycle.,Not bad,60,img_496.jpg,https://www.example.com/,https://www.example.com/
404,Christopher Barrett,@THE_CLIMATE_NEWS,YouTube,2023-02-09,08:10,Cities environmental environmental bicycles data fishing forest.,Scientists are unreliable,500,img_9.jpg,https://www.example.com/,https://www.example.com/
374,Amber Wilson,@thisIsATest,YouTube,2023-02-11,17:28,Ocean air vehicles habitat data turbines organic.,Scientists are unreliable,484,img_76.jpg,https://www.example.com/,https://www.example.com/
382,Kevin Alexander,@climateFool,Other,2023-02-11,19:29,Seismic human rainforest.,Not happening,113,img_218.jpg,https://www.example.com/,https://www.example.com/
418,Kevin Alexander,@john214394343,YouTube,2023-02-21,13:42,Data forest forest warming peatlands urbanization.,Not bad,96,img_370.jpg,https://www.example.com/,https://www.example.com/
395,Kevin Alexander,@anotherFake_handle,YouTube,2023-02-22,07:45,Overfishing climate drought equity acidification.,Scientists are unreliable,399,img_123.jpg,https://www.example.com/,https://www.example.com/
384,Sophia Bush,@dumbHandle,Twitter,2023-02-23,19:39,Transportation technology reforestation.,Not humans,312,img_259.jpg,https://www.example.com/,https://www.example.com/
406,Kevin Alexander,@notAHandle,TikTok,2023-02-23,21:11,Public chain green analysis waste pollutants coastal.,Not happening,500,img_425.jpg,https://www.example.com/,https://www.example.com/
375,Amber Wilson,@theBozo,Twitter,2023-02-25,04:49,Climate conservation seismic public scientific transit footprint.,Scientists are unreliable,411,img_330.jpg,https://www.example.com/,https://www.example.com/
426,Joseph Miller,@thisIsATest,Twitter,2023-02-26,13:07,Erosion justice sustainable bycatch projections.,Not humans,500,img_497.jpg,https://www.example.com/,https://www.example.com/
396,Timothy Parsons,@anotherFake_handle,YouTube,2023-02-27,12:15,Change regulations farming green ecotourism fuels.,Not humans,500,img_49.jpg,https://www.example.com/,https://www.example.com/
383,Michelle Rivers,@THE_CLIMATE_NEWS,TikTok,2023-02-27,16:02,Conservation climate panels wildlife.,Solutions won't work,171,img_496.jpg,https://www.example.com/,https://www.example.com/
390,Christopher Barrett,@john214394343,Twitter,2023-02-28,08:45,Habitat quality seismic climate biodegradable.,Not bad,347,img_223.jpg,https://www.example.com/,https://www.example.com/
410,Christopher Barrett,@justSomeSillyLittleGuy,YouTube,2023-02-28,22:39,Warming organic methane climate ecosystems habitat.,Scientists are unreliable,198,img_228.jpg,https://www.example.com/,https://www.example.com/
377,Sophia Bush,@anotherFake_handle,Other,2023-03-04,18:05,Production levels clean fossil adaptation ozone.,Not happening,58,img_164.jpg,https://www.example.com/,https://www.example.com/
420,Jeanette Jackson,@climateFool,TikTok,2023-03-09,06:15,Overfishing emissions resources panels wildlife.,Not bad,95,img_291.jpg,https://www.example.com/,https://www.example.com/
385,Robert Reyes,@anotherFake_handle,TikTok,2023-03-10,10:30,Greenhouse reserve urbanization greenhouse air sea overfishing adaptation.,Not happening,123,img_350.jpg,https://www.example.com/,https://www.example.com/
387,Michelle Rivers,@notAHandle,Other,2023-03-13,06:21,Marine advocacy warming forest.,Not bad,500,img_26.jpg,https://www.example.com/,https://www.example.com/
372,Kevin Alexander,@john214394343,Other,2023-03-19,18:01,Renewable research compost.,Not bad,174,img_453.jpg,https://www.example.com/,https://www.example.com/
414,Amber Wilson,@john214394343,Other,2023-03-20,04:46,Cycle carbon bicycles floods pollutants public.,Not happening,500,img_158.jpg,https://www.example.com/,https://www.example.com/
430,Jeanette Jackson,@thisIsATest,YouTube,2023-03-23,19:35,Conservation sprawl hoax wildlife.,Not bad,500,img_487.jpg,https://www.example.com/,https://www.example.com/
428,Joseph Miller,@exampleName,YouTube,2023-03-24,09:42,Compost reserves climate advocacy drought.,Not bad,500,img_343.jpg,https://www.example.com/,https://www.example.com/
386,Kevin Alexander,@notAHandle,Twitter,2023-03-25,05:26,Management desertification smart conservation public reserves.,Solutions won't work,304,img_259.jpg,https://www.example.com/,https://www.example.com/
433,Jeanette Jackson,@exampleName,Twitter,2023-03-28,04:30,Biofuel quality public public.,Scientists are unreliable,199,img_41.jpg,https://www.example.com/,https://www.example.com/
429,Joseph Miller,@theBozo,Twitter,2023-04-04,13:33,Resilience biomass innovation green conservation recycle species insulation.,Not happening,106,img_152.jpg,https://www.example.com/,https://www.example.com/
408,Jeanette Jackson,@justSomeSillyLittleGuy,Twitter,2023-04-04,16:14,Vehicles markets corridors erosion.,Not bad,18,img_334.jpg,https://www.example.com/,https://www.example.com/
431,Kevin Alexander,@anotherFake_handle,Other,2023-04-05,19:23,Science food bamboo toxins.,Not happening,225,img_362.jpg,https://www.example.com/,https://www.example.com/
416,Christopher Barrett,@climateFool,YouTube,2023-04-08,13:38,Greenwashing air heat biofuel scientific solar waste air.,Not humans,15,img_486.jpg,https://www.example.com/,https://www.example.com/
378,Jonathon Keller,@john214394343,TikTok,2023-04-11,13:09,Data projections wind.,Not humans,313,img_313.jpg,https://www.example.com/,https://www.example.com/
411,Michelle Rivers,@exampleName,TikTok,2023-04-13,17:06,Species conservation panels protection landfill.,Not happening,287,img_281.jpg,https://www.example.com/,https://www.example.com/
407,Timothy Parsons,@justSomeSillyLittleGuy,Twitter,2023-04-14,20:51,Pesticides electricity environmental biomass earth trees.,Not happening,500,img_307.jpg,https://www.example.com/,https://www.example.com/
421,Sophia Bush,@exampleName,TikTok,2023-04-20,04:35,Carbon ice pollution toxins recycle deforestation wetlands ice.,Not bad,363,img_221.jpg,https://www.example.com/,https://www.example.com/
388,Kevin Alexander,@dumbHandle,Other,2023-04-30,00:01,Analysis green grid recycle analysis acidification.,Solutions won't work,258,img_234.jpg,https://www.example.com/,https://www.example.com/
393,Robert Reyes,@theBozo,Other,2023-05-03,15:14,Greenhouse research offsets bamboo.,Solutions won't work,431,img_417.jpg,https://www.example.com/,https://www.example.com/
403,Joseph Miller,@theBozo,Twitter,2023-05-05,07:17,Conservation habitat ocean parks cleaner panels wind.,Scientists are unreliable,500,img_411.jpg,https://www.example.com/,https://www.example.com/
389,Amber Wilson,@justSomeSillyLittleGuy,YouTube,2023-05-07,06:53,Global geothermal resources climate policy human land regulations.,Not happening,110,img_161.jpg,https://www.example.com/,https://www.example.com/
425,Christopher Barrett,@john214394343,Twitter,2023-05-09,16:32,Endangered transit preservation bamboo.,Scientists are unreliable,176,img_316.jpg,https://www.example.com/,https://www.example.com/
379,Jeanette Jackson,@exampleName,YouTube,2023-05-10,08:36,Ice conscious advocacy gases fuel bicycles.,Not happening,500,img_93.jpg,https://www.example.com/,https://www.example.com/
391,Jeanette Jackson,@climateFool,Twitter,2023-05-11,14:57,Hoax sequestration analysis energy wildlife heat carbon forest.,Not bad,500,img_379.jpg,https://www.example.com/,https://www.example.com/
397,Jeanette Jackson,@john214394343,Twitter,2023-05-14,11:54,Volcano national urbanization forest climate divestment biomass.,Not bad,500,img_472.jpg,https://www.example.com/,https://www.example.com/
432,Jonathon Keller,@notAHandle,TikTok,2023-05-15,05:09,Divestment floods levels research.,Scientists are unreliable,230,img_30.jpg,https://www.example.com/,https://www.example.com/
392,Jonathon Keller,@anotherFake_handle,Twitter,2023-05-15,12:20,Ecosystem gases ecosystems natural.,Not bad,379,img_239.jpg,https://www.example.com/,https://www.example.com/
376,Kevin Alexander,@dumbHandle,YouTube,2023-05-18,13:54,Justice renewable bamboo.,Scientists are unreliable,215,img_144.jpg,https://www.example.com/,https://www.example.com/
413,Jonathon Keller,@notAHandle,Other,2023-05-19,22:14,Forest footprint overfishing depletion sequestration.,Solutions won't work,500,img_219.jpg,https://www.example.com/,https://www.example.com/
415,Joseph Miller,@climateFool,Twitter,2023-05-23,00:46,Weatherproofing law sequestration.,Scientists are unreliable,352,img_80.jpg,https://www.example.com/,https://www.example.com/
417,Joseph Miller,@john214394343,Twitter,2023-05-28,04:57,Forest landfill smart fuel bamboo contamination hurricane.,Scientists are unreliable,340,img_279.jpg,https://www.example.com/,https://www.example.com/
380,Christopher Barrett,@dumbHandle,TikTok,2023-05-28,23:24,Arctic resilience forest climate biodegradable.,Not humans,500,img_476.jpg,https://www.example.com/,https://www.example.com/
479,Robert Reyes,@dumbHandle,Twitter,2023-06-05,19:42,Cities biodiversity arctic conservation.,Solutions won't work,60,img_254.jpg,https://www.example.com/,https://www.example.com/
465,Amber Wilson,@john214394343,YouTube,2023-06-05,23:02,Methane depletion emissions fuel.,Not humans,500,img_11.jpg,https://www.example.com/,https://www.example.com/
448,Michelle Rivers,@thisIsATest,Other,2023-06-08,01:19,Wildlife ecosystem carbon hydropower data management.,Not bad,460,img_363.jpg,https://www.example.com/,https://www.example.com/
467,Timothy Parsons,@john214394343,TikTok,2023-06-12,20:12,Earthquake cycle resilience depletion law.,Not happening,500,img_302.jpg,https://www.example.com/,https://www.example.com/
454,Amber Wilson,@theBozo,Twitter,2023-06-15,18:06,Pesticides pollution smog research innovation.,Not humans,153,img_280.jpg,https://www.example.com/,https://www.example.com/
468,Sophia Bush,@climateFool,Twitter,2023-06-16,19:26,Parks solar degradation biofuel.,Not humans,500,img_185.jpg,https://www.example.com/,https://www.example.com/
438,Michelle Rivers,@anotherFake_handle,TikTok,2023-06-19,02:13,Transportation degradation wetlands industrial rainforest fires.,Not bad,312,img_260.jpg,https://www.example.com/,https://www.example.com/
444,Sophia Bush,@theBozo,Other,2023-06-19,13:03,Bicycles solar conscious parks.,Not bad,500,img_259.jpg,https://www.example.com/,https://www.example.com/
455,Amber Wilson,@theBozo,Twitter,2023-06-19,21:32,Erosion carbon cleaner forest carbon deforestation human land.,Not humans,187,img_445.jpg,https://www.example.com/,https://www.example.com/
440,Jeanette Jackson,@thisIsATest,Other,2023-06-20,19:49,Peatlands law sustainability peatlands fuel trading peatlands preservation.,Not humans,271,img_282.jpg,https://www.example.com/,https://www.example.com/
491,Kevin Alexander,@john214394343,Twitter,2023-06-21,10:38,Resilience regulations bamboo emissions renewable.,Not humans,91,img_216.jpg,https://www.example.com/,https://www.example.com/
480,Christopher Barrett,@climateFool,Twitter,2023-06-28,15:31,Innovation air bicycles degradation renewables.,Solutions won't work,138,img_232.jpg,https://www.example.com/,https://www.example.com/
456,Robert Reyes,@notAHandle,YouTube,2023-07-06,20:50,Consumerism technology arctic efficiency cycle wave.,Not humans,74,img_446.jpg,https://www.example.com/,https://www.example.com/
478,Joseph Miller,@THE_CLIMATE_NEWS,YouTube,2023-07-08,11:23,Contamination fishing global.,Scientists are unreliable,63,img_262.jpg,https://www.example.com/,https://www.example.com/
488,Jonathon Keller,@justSomeSillyLittleGuy,TikTok,2023-07-09,12:27,Models ecosystem carbon-neutral fishing.,Scientists are unreliable,500,img_93.jpg,https://www.example.com/,https://www.example.com/
489,Michelle Rivers,@thisIsATest,YouTube,2023-07-13,12:39,Electric forest projections air quality bycatch.,Not humans,347,img_481.jpg,https://www.example.com/,https://www.example.com/
474,Michelle Rivers,@notAHandle,YouTube,2023-07-17,07:32,Solar waste green forest.,Solutions won't work,500,img_176.jpg,https://www.example.com/,https://www.example.com/
446,Joseph Miller,@exampleName,Twitter,2023-07-18,04:18,Habitat data antarctic renewable nature.,Solutions won't work,500,img_394.jpg,https://www.example.com/,https://www.example.com/
459,Timothy Parsons,@theBozo,Twitter,2023-07-20,20:56,Regulations temperature preservation greenwashing endangered.,Not bad,238,img_110.jpg,https://www.example.com/,https://www.example.com/
443,Amber Wilson,@notAHandle,TikTok,2023-07-27,22:44,Equity bamboo hydropower savings seismic methane.,Not happening,296,img_421.jpg,https://www.example.com/,https://www.example.com/
482,Amber Wilson,@john214394343,Twitter,2023-07-28,21:05,Climate conscious change.,Not happening,12,img_339.jpg,https://www.example.com/,https://www.example.com/
457,Jeanette Jackson,@john214394343,YouTube,2023-08-02,15:31,Weather bicycles misinformation air carbon-neutral.,Scientists are unreliable,254,img_382.jpg,https://www.example.com/,https://www.example.com/
492,Timothy Parsons,@exampleName,Twitter,2023-08-07,15:04,Bicycles advocacy arctic soil biomass marine scientific.,Not happening,500,img_381.jpg,https://www.example.com/,https://www.example.com/
436,Michelle Rivers,@notAHandle,TikTok,2023-08-12,08:46,Equity transportation fuel reserves research living.,Not bad,500,img_394.jpg,https://www.example.com/,https://www.example.com/
460,Jonathon Keller,@exampleName,TikTok,2023-08-14,11:40,Innovation carbon heat food.,Scientists are unreliable,36,img_481.jpg,https://www.example.com/,https://www.example.com/
481,Jonathon Keller,@thisIsATest,YouTube,2023-08-17,08:46,Pesticide erosion CO2 cleaner science.,Solutions won't work,50,img_386.jpg,https://www.example.com/,https://www.example.com/
461,Sophia Bush,@climateFool,Twitter,2023-08-24,05:21,Nature food erosion insulation technology biofuel warming.,Scientists are unreliable,500,img_488.jpg,https://www.example.com/,https://www.example.com/
471,Sophia Bush,@anotherFake_handle,YouTube,2023-08-27,15:43,Endangered turbines ecosystem impact.,Not bad,112,img_314.jpg,https://www.example.com/,https://www.example.com/
470,Timothy Parsons,@thisIsATest,YouTube,2023-08-29,17:30,Sea climate analysis pesticide green pollution electric.,Not humans,70,img_357.jpg,https://www.example.com/,https://www.example.com/
464,Amber Wilson,@justSomeSillyLittleGuy,TikTok,2023-09-07,15:00,Consumerism warming desertification hurricane panels.,Solutions won't work,500,img_210.jpg,https://www.example.com/,https://www.example.com/
494,Timothy Parsons,@john214394343,Other,2023-09-07,23:22,Parks impact global degradation pesticides.,Scientists are unreliable,295,img_221.jpg,https://www.example.com/,https://www.example.com/
451,Jeanette Jackson,@notAHandle,Twitter,2023-09-24,23:26,Natural eco-friendly wetlands conservation vehicles degradation scientists hurricane.,Solutions won't work,500,img_51.jpg,https://www.example.com/,https://www.example.com/
447,Michelle Rivers,@justSomeSillyLittleGuy,Other,2023-09-25,03:32,Electricity regulations sustainable greenwashing acidification degradation monoculture.,Not bad,3,img_119.jpg,https://www.example.com/,https://www.example.com/
463,Jonathon Keller,@dumbHandle,YouTube,2023-09-25,11:49,Supply compost hurricane national urbanization conservation hoax.,Not happening,500,img_300.jpg,https://www.example.com/,https://www.example.com/
442,Amber Wilson,@climateFool,Other,2023-09-26,01:35,Agriculture electricity chain natural panels geothermal.,Solutions won't work,500,img_214.jpg,https://www.example.com/,https://www.example.com/
449,Jonathon Keller,@exampleName,Twitter,2023-09-29,09:49,Transportation monoculture carbon ocean earth advocacy.,Solutions won't work,197,img_197.jpg,https://www.example.com/,https://www.example.com/
496,Jonathon Keller,@exampleName,YouTube,2023-10-08,17:06,Erosion wind living green biodegradable food.,Solutions won't work,500,img_294.jpg,https://www.example.com/,https://www.example.com/
462,Joseph Miller,@justSomeSillyLittleGuy,Twitter,2023-10-12,21:20,Cleaner erosion quality climate misinformation carbon climate.,Solutions won't work,47,img_128.jpg,https://www.example.com/,https://www.example.com/
487,Amber Wilson,@theBozo,YouTube,2023-10-13,14:15,Extinction pollutants fuel ice fuel.,Not happening,51,img_131.jpg,https://www.example.com/,https://www.example.com/
437,Kevin Alexander,@exampleName,Other,2023-10-15,12:01,Gases ocean alternative advocacy renewable.,Scientists are unreliable,246,img_455.jpg,https://www.example.com/,https://www.example.com/
493,Christopher Barrett,@justSomeSillyLittleGuy,TikTok,2023-10-16,05:51,Warming warming vehicles consumerism parks.,Not humans,293,img_287.jpg,https://www.example.com/,https://www.example.com/
490,Michelle Rivers,@justSomeSillyLittleGuy,TikTok,2023-10-17,19:29,Earth wildlife emissions panels scientists offsets CO2 solar.,Not humans,354,img_407.jpg,https://www.example.com/,https://www.example.com/
439,Michelle Rivers,@dumbHandle,TikTok,2023-10-21,03:58,Efficiency wildlife wave resilience energy melting.,Not happening,500,img_230.jpg,https://www.example.com/,https://www.example.com/
450,Christopher Barrett,@john214394343,YouTube,2023-10-21,06:10,Insulation landfill volcano wind analysis fishing.,Solutions won't work,321,img_8.jpg,https://www.example.com/,https://www.example.com/
484,Christopher Barrett,@climateFool,Other,2023-10-23,08:53,Scientists species conscious footprint quality fuels.,Scientists are unreliable,139,img_384.jpg,https://www.example.com/,https://www.example.com/
445,Timothy Parsons,@exampleName,YouTube,2023-10-24,04:28,Vehicles climate sustainability sea storm human floods solar.,Not humans,113,img_358.jpg,https://www.example.com/,https://www.example.com/
483,Sophia Bush,@anotherFake_handle,Other,2023-10-30,08:22,Climate research reserve biofuel.,Not humans,294,img_65.jpg,https://www.example.com/,https://www.example.com/
435,Timothy Parsons,@john214394343,TikTok,2023-10-31,21:24,Antarctic mitigation forest.,Not happening,155,img_39.jpg,https://www.example.com/,https://www.example.com/
475,Jeanette Jackson,@anotherFake_handle,YouTube,2023-11-05,03:24,Pollutants models vehicles ecosystems.,Solutions won't work,435,img_350.jpg,https://www.example.com/,https://www.example.com/
434,Jeanette Jackson,@exampleName,Other,2023-11-07,11:39,Sea conservation carbon weather fuel living cleaner.,Scientists are unreliable,304,img_313.jpg,https://www.example.com/,https://www.example.com/
466,Joseph Miller,@exampleName,YouTube,2023-11-08,04:54,Action national electric.,Solutions won't work,500,img_437.jpg,https://www.example.com/,https://www.example.com/
441,Sophia Bush,@THE_CLIMATE_NEWS,Twitter,2023-11-10,22:10,Eco-Friendly sea air transit development sprawl.,Not humans,195,img_219.jpg,https://www.example.com/,https://www.example.com/
495,Sophia Bush,@notAHandle,Twitter,2023-11-15,02:29,Misinformation degradation earthquake nature regulations.,Scientists are unreliable,443,img_260.jpg,https://www.example.com/,https://www.example.com/
453,Christopher Barrett,@climateFool,Other,2023-11-18,11:53,Heat sea sprawl corridors natural agriculture pollution.,Scientists are unreliable,387,img_114.jpg,https://www.example.com/,https://www.example.com/
486,Sophia Bush,@THE_CLIMATE_NEWS,Twitter,2023-11-21,00:06,Endangered transit science renewables public models.,Not bad,112,img_219.jpg,https://www.example.com/,https://www.example.com/
473,Timothy Parsons,@thisIsATest,Other,2023-11-26,20:15,Warming preservation weather weather science.,Not bad,402,img_127.jpg,https://www.example.com/,https://www.example.com/
472,Jeanette Jackson,@john214394343,Other,2023-11-30,11:36,Degradation farming divestment.,Scientists are unreliable,181,img_374.jpg,https://www.example.com/,https://www.example.com/
469,Christopher Barrett,@climateFool,TikTok,2023-12-04,09:49,Grid chain innovation bamboo temperature.,Not bad,246,img_134.jpg,https://www.example.com/,https://www.example.com/
485,Michelle Rivers,@THE_CLIMATE_NEWS,TikTok,2023-12-06,14:24,Offsets drought erosion greenwashing farming biodiversity solar fossil.,Not happening,399,img_189.jpg,https://www.example.com/,https://www.example.com/
458,Christopher Barrett,@theBozo,TikTok,2023-12-10,09:19,Antarctic plastic scientific landfill.,Not humans,387,img_308.jpg,https://www.example.com/,https://www.example.com/
476,Sophia Bush,@notAHandle,Other,2023-12-12,21:24,Earthquake divestment emissions deforestation.,Scientists are unreliable,237,img_51.jpg,https://www.example.com/,https://www.example.com/
452,Christopher Barrett,@dumbHandle,Other,2023-12-26,03:52,Storm science fertilizer pollutants.,Not happening,82,img_229.jpg,https://www.example.com/,https://www.example.com/
477,Joseph Miller,@notAHandle,TikTok,2023-12-27,01:37,Organic savings hydropower.,Scientists are unreliable,321,img_114.jpg,https://www.example.com/,https://www.example.com/
